content,sentiment
"I am very happy with the product. It exceeded my expectations!",happy
"I had an excellent experience with customer service. Very satisfied!",happy
"The item arrived late, and I am not happy about it.",unhappy
"I want a refund for the defective item I received.",angry
"I absolutely love this product! It's exactly what I needed.",happy
"The service was terrible. I will not be using this company again.",angry
"Fantastic quality and fast delivery. Will buy again!",happy
"I'm disappointed with the purchase. It didn't meet my standards.",disappointed
"Great experience overall. Highly recommended!",happy
"I am upset because the product was not as described.",disappointed
"Very pleased with the quality and prompt service.",happy
"Very bad experience. I am requesting a refund.",angry
"This is the best purchase I have made in a long time!",happy
"The product arrived damaged and customer service was unhelpful.",angry
"Love it! Will definitely recommend to others.",happy
"I am extremely unhappy with this purchase. It doesn't work as expected.",unhappy
"Excellent product. Worth every penny.",happy
"I am dissatisfied with the product and would like a refund.",angry
"The item works perfectly and arrived on time.",happy
"I received the wrong item. Very disappointed.",disappointed
"Wonderful quality! Exceeded my expectations.",happy
"Customer service was rude and unhelpful.",angry
"This product is amazing! I couldn't be happier.",happy
"I want a refund as the product does not match the description.",angry
"Very satisfied with my purchase. Will buy again.",happy
"The item stopped working after a week. Extremely frustrated.",angry
"Fantastic quality and fast shipping. Highly recommend.",happy
"I am not happy with the product. It's defective.",unhappy
"Excellent service and high-quality product.",happy
"The item was not delivered on time and I am very unhappy.",unhappy
"Great value for the price. Very satisfied.",happy
"The product did not meet my expectations. I am requesting a refund.",disappointed
"Very pleased with the purchase. It’s exactly what I wanted.",happy
"I am frustrated with the customer service experience.",angry
"This is a great product. I am very happy with it.",happy
"The product was damaged upon arrival and the return process was difficult.",angry
"Absolutely love it! Exceeded my expectations.",happy
"I am unhappy with the quality of the product and want a refund.",unhappy
"Wonderful experience. I will definitely be a returning customer.",happy
"The product broke after one use. I am requesting a refund.",angry
"Fantastic service and high-quality product.",happy
"I had a terrible experience. The product was defective and customer service was unresponsive.",angry
"Very pleased with my purchase. It was worth the price.",happy
"Disappointed with the product. It doesn’t work as advertised.",disappointed
"I am very happy with this purchase. Great quality!",happy
"Received the wrong item and the return process was not smooth.",angry
"Great product and fast delivery. Will buy again.",happy
"I am dissatisfied with the item and would like to return it.",disappointed
"Excellent quality. I am very pleased with this purchase.",happy
"Very unhappy with the product. It doesn’t work as expected.",unhappy
"This is a wonderful product. I am extremely satisfied.",happy
"The product was defective and the customer service was poor.",angry
"Great purchase! I am very happy with my decision.",happy
"I want to return this item. It is not what I expected.",disappointed
"Absolutely delighted with my purchase. Excellent quality!",happy
"The product broke after a few uses. I am very disappointed.",disappointed
"Fantastic! I am thrilled with this purchase.",happy
"The customer service was unhelpful and the product was defective.",angry
"I am satisfied with my purchase. Worth the money.",happy
"I had a negative experience with this company. The product did not work.",angry
"Very happy with the service. The product is as described.",happy
"I am unhappy with the purchase. The item does not match the description.",disappointed
"Excellent quality and prompt service. Highly recommend.",happy
"I am frustrated with the delay in delivery and the product is not what I expected.",angry
"Great product. Exceeds my expectations!",happy
"The item arrived late and was not in good condition.",unhappy
"I love this product! It's perfect for my needs.",happy
"Very poor quality. I am requesting a refund.",angry
"Fantastic! I am very satisfied with my purchase.",happy
"The item was defective and the return process was very complicated.",angry
"I am pleased with my purchase. Excellent value.",happy
"The customer service was poor and the product was not as described.",angry
"Great product and fast delivery. I will buy again.",happy
"I am not happy with the product. It is not working as expected.",unhappy
"Wonderful experience! I will definitely shop here again.",happy
"The product arrived damaged and the customer service was unhelpful.",angry
"Excellent quality and service. Highly recommended!",happy
"I am very disappointed with this purchase. The product does not work.",unhappy
"Great value for money. Very satisfied with my purchase.",happy
"The item was not as described and the customer service was poor.",angry
"Very happy with this purchase. The product exceeded my expectations.",happy
"I had a negative experience. The product was faulty and customer service was unresponsive.",angry
"Fantastic quality and service. I am very happy with my purchase.",happy
"The product was defective and I am very frustrated.",angry
"Great purchase! Very satisfied with the quality and service.",happy
"I am unhappy with the product. It arrived late and was not in good condition.",unhappy
"Wonderful experience. The product is excellent and the service was top-notch.",happy
"The item was defective and the return process was very difficult.",angry
"Fantastic quality and fast delivery. Highly recommended.",happy
"I am dissatisfied with the product and would like a refund.",angry
"Great product and excellent service. Very pleased with my purchase.",happy
"I had a negative experience with this purchase. The product was faulty.",angry
"Absolutely thrilled with the product. Great quality!",happy
"The item does not work as advertised. Very disappointed.",disappointed
"Excellent product and service. I am very happy with this purchase.",happy
"The product was damaged and the customer service was unresponsive.",angry
"Great purchase! Very happy with the product and service.",happy
"I am dissatisfied with the item. It does not match the description.",disappointed
"Fantastic quality and service. I am very pleased with my purchase.",happy
"The product arrived late and was not in good condition.",unhappy
"Very satisfied with this purchase. The product exceeded my expectations.",happy
"I had a negative experience. The product was faulty and customer service was unresponsive.",angry
"Fantastic quality and service. I am very happy with my purchase.",happy
"The product was defective and the return process was difficult.",angry
"Great value for money. Very pleased with this purchase.",happy
"The item was not as described and the customer service was poor.",angry
"Wonderful quality and service. Highly recommend this product.",happy
"I am disappointed with this purchase. The product arrived damaged.",disappointed
"Fantastic service and high-quality product. Highly recommend!",happy
"The product was defective and the return process was complicated.",angry
"Great purchase! Very happy with the product and service.",happy
"I am dissatisfied with the product. It does not work as advertised.",disappointed
"Excellent quality and service. I am very pleased with my purchase.",happy
"The item was not delivered on time and was in poor condition.",unhappy
"Very satisfied with this purchase. The product exceeded my expectations.",happy
"I had a negative experience. The product was faulty and customer service was unresponsive.",angry
"Fantastic quality and service. I am very happy with my purchase.",happy
"The product was defective and I am very frustrated.",angry
"Great purchase! Very satisfied with the quality and service.",happy
"I am unhappy with the product. It arrived late and was not in good condition.",unhappy
"Wonderful experience. The product is excellent and the service was top-notch.",happy
"The item was defective and the return process was very difficult.",angry
"Fantastic quality and fast delivery. Highly recommended.",happy
"I am dissatisfied with the product and would like a refund.",angry
"Great product and excellent service. Very pleased with my purchase.",happy
"I had a negative experience with this purchase. The product was faulty.",angry
"Absolutely thrilled with the product. Great quality!",happy
"The item does not work as advertised. Very disappointed.",disappointed
"Excellent product and service. I am very happy with this purchase.",happy
"The product was damaged and the customer service was unresponsive.",angry
"Great purchase! Very happy with the product and service.",happy
"I am dissatisfied with the item. It does not match the description.",disappointed
"Fantastic quality and service. I am very pleased with my purchase.",happy
"The product arrived late and was not in good condition.",unhappy
"Very satisfied with this purchase. The product exceeded my expectations.",happy
"I had a negative experience. The product was faulty and customer service was unresponsive.",angry
"Fantastic quality and service. I am very happy with my purchase.",happy
"The product was defective and the return process was difficult.",angry
"Great value for money. Very pleased with this purchase.",happy
"The item was not as described and the customer service was poor.",angry
"Wonderful quality and service. Highly recommend this product.",happy
"I am disappointed with this purchase. The product arrived damaged.",disappointed
"Fantastic service and high-quality product. Highly recommend!",happy
"The product was defective and the return process was complicated.",angry
"Great purchase! Very happy with the product and service.",happy
"I am dissatisfied with the product. It does not work as advertised.",disappointed
"Excellent quality and service. I am very pleased with my purchase.",happy
"The item was not delivered on time and was in poor condition.",unhappy
"Very satisfied with this purchase. The product exceeded my expectations.",happy
"I had a negative experience. The product was faulty and customer service was unresponsive.",angry
"Fantastic quality and service. I am very happy with my purchase.",happy
"The product was defective and I am very frustrated.",angry
"Great purchase! Very satisfied with the quality and service.",happy
"I am unhappy with the product. It arrived late and was not in good condition.",unhappy
"Wonderful experience. The product is excellent and the service was top-notch.",happy
"The item was defective and the return process was very difficult.",angry
"Fantastic quality and fast delivery. Highly recommended.",happy
"I am dissatisfied with the product and would like a refund.",angry
"Great product and excellent service. Very pleased with my purchase.",happy
"I had a negative experience with this purchase. The product was faulty.",angry
"Absolutely thrilled with the product. Great quality!",happy
"The item does not work as advertised. Very disappointed.",disappointed
"Excellent product and service. I am very happy with this purchase.",happy
"The product was damaged and the customer service was unresponsive.",angry
"Great purchase! Very happy with the product and service.",happy
"I am dissatisfied with the item. It does not match the description.",disappointed
"Fantastic quality and service. I am very pleased with my purchase.",happy
"The product arrived late and was not in good condition.",unhappy
"Very satisfied with this purchase. The product exceeded my expectations.",happy
"I had a negative experience. The product was faulty and customer service was unresponsive.",angry
"Fantastic quality and service. I am very happy with my purchase.",happy
"The product was defective and the return process was difficult.",angry
"Great value for money. Very pleased with this purchase.",happy
"The item was not as described and the customer service was poor.",angry
"Wonderful quality and service. Highly recommend this product.",happy
"I am disappointed with this purchase. The product arrived damaged.",disappointed
"Fantastic service and high-quality product. Highly recommend!",happy
"The product was defective and the return process was complicated.",angry
"Great purchase! Very happy with the product and service.",happy
"I am dissatisfied with the product. It does not work as advertised.",disappointed
"Excellent quality and service. I am very pleased with my purchase.",happy
"The item was not delivered on time and was in poor condition.",unhappy
"Very satisfied with this purchase. The product exceeded my expectations.",happy
"I had a negative experience. The product was faulty and customer service was unresponsive.",angry
"Fantastic quality and service. I am very happy with my purchase.",happy
"The product was defective and I am very frustrated.",angry
"Great purchase! Very satisfied with the quality and service.",happy
"I am unhappy with the product. It arrived late and was not in good condition.",unhappy
"Wonderful experience. The product is excellent and the service was top-notch.",happy
"The item was defective and the return process was very difficult.",angry
"Fantastic quality and fast delivery. Highly recommended.",happy
"I am dissatisfied with the product and would like a refund.",angry
"Great product and excellent service. Very pleased with my purchase.",happy
"I had a negative experience with this purchase. The product was faulty.",angry
"Absolutely thrilled with the product. Great quality!",happy
"The item does not work as advertised. Very disappointed.",disappointed
"Excellent product and service. I am very happy with this purchase.",happy
"The product was damaged and the customer service was unresponsive.",angry
"Great purchase! Very happy with the product and service.",happy
"I am dissatisfied with the item. It does not match the description.",disappointed
"Fantastic quality and service. I am very pleased with my purchase.",happy
"The product arrived late and was not in good condition.",unhappy
"Very satisfied with this purchase. The product exceeded my expectations.",happy
"I had a negative experience. The product was faulty and customer service was unresponsive.",angry
"Fantastic quality and service. I am very happy with my purchase.",happy
"The product was defective and the return process was difficult.",angry
"Great value for money. Very pleased with this purchase.",happy
"The item was not as described and the customer service was poor.",angry
"Wonderful quality and service. Highly recommend this product.",happy
"I am disappointed with this purchase. The product arrived damaged.",disappointed
"Fantastic service and high-quality product. Highly recommend!",happy
"The product was defective and the return process was complicated.",angry
"Great purchase! Very happy with the product and service.",happy
"I am dissatisfied with the product. It does not work as advertised.",disappointed
"Excellent quality and service. I am very pleased with my purchase.",happy
"The item was not delivered on time and was in poor condition.",unhappy
"Very satisfied with this purchase. The product exceeded my expectations.",happy
"I had a negative experience. The product was faulty and customer service was unresponsive.",angry
"Fantastic quality and service. I am very happy with my purchase.",happy
"The product was defective and I am very frustrated.",angry
"Great purchase! Very satisfied with the quality and service.",happy
"I am unhappy with the product. It arrived late and was not in good condition.",unhappy
"Wonderful experience. The product is excellent and the service was top-notch.",happy
"The item was defective and the return process was very difficult.",angry
"Fantastic quality and fast delivery. Highly recommended.",happy
"I am dissatisfied with the product and would like a refund.",angry
"Great product and excellent service. Very pleased with my purchase.",happy
"I had a negative experience with this purchase. The product was faulty.",angry
"Absolutely thrilled with the product. Great quality!",happy
"The item does not work as advertised. Very disappointed.",disappointed
"Excellent product and service. I am very happy with this purchase.",happy
"The product was damaged and the customer service was unresponsive.",angry
"Great purchase! Very happy with the product and service.",happy
"I am dissatisfied with the item. It does not match the description.",disappointed
"Fantastic quality and service. I am very pleased with my purchase.",happy
"The product arrived late and was not in good condition.",unhappy
"Very satisfied with this purchase. The product exceeded my expectations.",happy
"I had a negative experience. The product was faulty and customer service was unresponsive.",angry
"Fantastic quality and service. I am very happy with my purchase.",happy
"The product was defective and the return process was difficult.",angry
"Great value for money. Very pleased with this purchase.",happy
"The item was not as described and the customer service was poor.",angry
"Wonderful quality and service. Highly recommend this product.",happy
"I am disappointed with this purchase. The product arrived damaged.",disappointed
"Fantastic service and high-quality product. Highly recommend!",happy
"The product was defective and the return process was complicated.",angry
"Great purchase! Very happy with the product and service.",happy
"I am dissatisfied with the product. It does not work as advertised.",disappointed
"Excellent quality and service. I am very pleased with my purchase.",happy
"The item was not delivered on time and was in poor condition.",unhappy
"Very satisfied with this purchase. The product exceeded my expectations.",happy
"I had a negative experience. The product was faulty and customer service was unresponsive.",angry
"Fantastic quality and service. I am very happy with my purchase.",happy
"The product was defective and I am very frustrated.",angry
"Great purchase! Very satisfied with the quality and service.",happy
"I am unhappy with the product. It arrived late and was not in good condition.",unhappy
"Wonderful experience. The product is excellent and the service was top-notch.",happy
"The item was defective and the return process was very difficult.",angry
"Fantastic quality and fast delivery. Highly recommended.",happy
"I am dissatisfied with the product and would like a refund.",angry
"Great product and excellent service. Very pleased with my purchase.",happy
"I had a negative experience with this purchase. The product was faulty.",angry
"Absolutely thrilled with the product. Great quality!",happy
"The item does not work as advertised. Very disappointed.",disappointed
"Excellent product and service. I am very happy with this purchase.",happy
"The product was damaged and the customer service was unresponsive.",angry
"Great purchase! Very happy with the product and service.",happy
"I am dissatisfied with the item. It does not match the description.",disappointed
"Fantastic quality and service. I am very pleased with my purchase.",happy
"The product arrived late and was not in good condition.",unhappy
"Very satisfied with this purchase. The product exceeded my expectations.",happy
"I had a negative experience. The product was faulty and customer service was unresponsive.",angry
"Fantastic quality and service. I am very happy with my purchase.",happy
"The product was defective and the return process was difficult.",angry
"Great value for money. Very pleased with this purchase.",happy
"The item was not as described and the customer service was poor.",angry
"Wonderful quality and service. Highly recommend this product.",happy
"I am disappointed with this purchase. The product arrived damaged.",disappointed
"Fantastic service and high-quality product. Highly recommend!",happy
"The product was defective and the return process was complicated.",angry
"Great purchase! Very happy with the product and service.",happy
"I am dissatisfied with the product. It does not work as advertised.",disappointed
"Excellent quality and service. I am very pleased with my purchase.",happy
"The item was not delivered on time and was in poor condition.",unhappy
"Very satisfied with this purchase. The product exceeded my expectations.",happy
"I had a negative experience. The product was faulty and customer service was unresponsive.",angry
"Fantastic quality and service. I am very happy with my purchase.",happy
"The product was defective and I am very frustrated.",angry
"Great purchase! Very satisfied with the quality and service.",happy
"I am unhappy with the product. It arrived late and was not in good condition.",unhappy
"Wonderful experience. The product is excellent and the service was top-notch.",happy
"The item was defective and the return process was very difficult.",angry
"Fantastic quality and fast delivery. Highly recommended.",happy
"I am dissatisfied with the product and would like a refund.",angry
"Great product and excellent service. Very pleased with my purchase.",happy
"I had a negative experience with this purchase. The product was faulty.",angry
"Absolutely thrilled with the product. Great quality!",happy
"The item does not work as advertised. Very disappointed.",disappointed
"Excellent product and service. I am very happy with this purchase.",happy
"The product was damaged and the customer service was unresponsive.",angry
"Great purchase! Very happy with the product and service.",happy
"I am dissatisfied with the item. It does not match the description.",disappointed
"Fantastic quality and service. I am very pleased with my purchase.",happy
"The product arrived late and was not in good condition.",unhappy
"Very satisfied with this purchase. The product exceeded my expectations.",happy
"I had a negative experience. The product was faulty and customer service was unresponsive.",angry
"Fantastic quality and service. I am very happy with my purchase.",happy
"The product was defective and the return process was difficult.",angry
"Great value for money. Very pleased with this purchase.",happy
"The item was not as described and the customer service was poor.",angry
"Wonderful quality and service. Highly recommend this product.",happy
"I am disappointed with this purchase. The product arrived damaged.",disappointed
"Fantastic service and high-quality product. Highly recommend!",happy
"The product was defective and the return process was complicated.",angry
"Great purchase! Very happy with the product and service.",happy
"I am dissatisfied with the product. It does not work as advertised.",disappointed
"Excellent quality and service. I am very pleased with my purchase.",happy
"The item was not delivered on time and was in poor condition.",unhappy
"Very satisfied with this purchase. The product exceeded my expectations.",happy
"I had a negative experience. The product was faulty and customer service was unresponsive.",angry
"Fantastic quality and service. I am very happy with my purchase.",happy
"The product was defective and I am very frustrated.",angry
"Great purchase! Very satisfied with the quality and service.",happy
"I am unhappy with the product. It arrived late and was not in good condition.",unhappy
"Wonderful experience. The product is excellent and the service was top-notch.",happy
"The item was defective and the return process was very difficult.",angry
"Fantastic quality and fast delivery. Highly recommended.",happy
"I am dissatisfied with the product and would like a refund.",angry
"Great product and excellent service. Very pleased with my purchase.",happy
"I had a negative experience with this purchase. The product was faulty.",angry
"Absolutely thrilled with the product. Great quality!",happy
"The item does not work as advertised. Very disappointed.",disappointed
"Excellent product and service. I am very happy with this purchase.",happy
"The product was damaged and the customer service was unresponsive.",angry
"Great purchase! Very happy with the product and service.",happy
"I am dissatisfied with the item. It does not match the description.",disappointed
"Fantastic quality and service. I am very pleased with my purchase.",happy
"The product arrived late and was not in good condition.",unhappy
"Very satisfied with this purchase. The product exceeded my expectations.",happy
"I had a negative experience. The product was faulty and customer service was unresponsive.",angry
"Fantastic quality and service. I am very happy with my purchase.",happy
"The product was defective and the return process was difficult.",angry
"Great value for money. Very pleased with this purchase.",happy
"The item was not as described and the customer service was poor.",angry
"Wonderful quality and service. Highly recommend this product.",happy
"I am disappointed with this purchase. The product arrived damaged.",disappointed
"Fantastic service and high-quality product. Highly recommend!",happy
"The product was defective and the return process was complicated.",angry
"Great purchase! Very happy with the product and service.",happy
"I am dissatisfied with the product. It does not work as advertised.",disappointed
"Excellent quality and service. I am very pleased with my purchase.",happy
"The item was not delivered on time and was in poor condition.",unhappy
"Very satisfied with this purchase. The product exceeded my expectations.",happy
"I had a negative experience. The product was faulty and customer service was unresponsive.",angry
"Fantastic quality and service. I am very happy with my purchase.",happy
"The product was defective and I am very frustrated.",angry
"Great purchase! Very satisfied with the quality and service.",happy
"I am unhappy with the product. It arrived late and was not in good condition.",unhappy
"Wonderful experience. The product is excellent and the service was top-notch.",happy
"The item was defective and the return process was very difficult.",angry
"Fantastic quality and fast delivery. Highly recommended.",happy
"I am dissatisfied with the product and would like a refund.",angry
"Great product and excellent service. Very pleased with my purchase.",happy
"I had a negative experience with this purchase. The product was faulty.",angry
"Absolutely thrilled with the product. Great quality!",happy
"The item does not work as advertised. Very disappointed.",disappointed
"Excellent product and service. I am very happy with this purchase.",happy
"The product was damaged and the customer service was unresponsive.",angry
"Great purchase! Very happy with the product and service.",happy
"I am dissatisfied with the item. It does not match the description.",disappointed
"Fantastic quality and service. I am very pleased with my purchase.",happy
"The product arrived late and was not in good condition.",unhappy
"Very satisfied with this purchase. The product exceeded my expectations.",happy
"I had a negative experience. The product was faulty and customer service was unresponsive.",angry
"Fantastic quality and service. I am very happy with my purchase.",happy
"The product was defective and the return process was difficult.",angry
"Great value for money. Very pleased with this purchase.",happy
"The item was not as described and the customer service was poor.",angry
"Wonderful quality and service. Highly recommend this product.",happy
"I am disappointed with this purchase. The product arrived damaged.",disappointed
"Fantastic service and high-quality product. Highly recommend!",happy
"The product was defective and the return process was complicated.",angry
"Great purchase! Very happy with the product and service.",happy
"I am dissatisfied with the product. It does not work as advertised.",disappointed
"Excellent quality and service. I am very pleased with my purchase.",happy
"The item was not delivered on time and was in poor condition.",unhappy
"Very satisfied with this purchase. The product exceeded my expectations.",happy
"I had a negative experience. The product was faulty and customer service was unresponsive.",angry
"Fantastic quality and service. I am very happy with my purchase.",happy
"The product was defective and I am very frustrated.",angry
"Great purchase! Very satisfied with the quality and service.",happy
"I am unhappy with the product. It arrived late and was not in good condition.",unhappy
"Wonderful experience. The product is excellent and the service was top-notch.",happy
"The item was defective and the return process was very difficult.",angry
"Fantastic quality and fast delivery. Highly recommended.",happy
"I am dissatisfied with the product and would like a refund.",angry
"Great product and excellent service. Very pleased with my purchase.",happy
"I had a negative experience with this purchase. The product was faulty.",angry
"Absolutely thrilled with the product. Great quality!",happy
"The item does not work as advertised. Very disappointed.",disappointed
"Excellent product and service. I am very happy with this purchase.",happy
"The product was damaged and the customer service was unresponsive.",angry
"Great purchase! Very happy with the product and service.",happy
"I am dissatisfied with the item. It does not match the description.",disappointed
"Fantastic quality and service. I am very pleased with my purchase.",happy
"The product arrived late and was not in good condition.",unhappy
"Very satisfied with this purchase. The product exceeded my expectations.",happy
"I had a negative experience. The product was faulty and customer service was unresponsive.",angry
"Fantastic quality and service. I am very happy with my purchase.",happy
"The product was defective and the return process was difficult.",angry
"Great value for money. Very pleased with this purchase.",happy
"The item was not as described and the customer service was poor.",angry
"Wonderful quality and service. Highly recommend this product.",happy
"I am disappointed with this purchase. The product arrived damaged.",disappointed
"Fantastic service and high-quality product. Highly recommend!",happy
"The product was defective and the return process was complicated.",angry
"Great purchase! Very happy with the product and service.",happy
"I am dissatisfied with the product. It does not work as advertised.",disappointed
"Excellent quality and service. I am very pleased with my purchase.",happy
"The item was not delivered on time and was in poor condition.",unhappy
"Very satisfied with this purchase. The product exceeded my expectations.",happy
"I had a negative experience. The product was faulty and customer service was unresponsive.",angry
"Fantastic quality and service. I am very happy with my purchase.",happy
"The product was defective and I am very frustrated.",angry
"Great purchase! Very satisfied with the quality and service.",happy
"I am unhappy with the product. It arrived late and was not in good condition.",unhappy
"Wonderful experience. The product is excellent and the service was top-notch.",happy
"The item was defective and the return process was very difficult.",angry
"Fantastic quality and fast delivery. Highly recommended.",happy
"I am dissatisfied with the product and would like a refund.",angry
"Great product and excellent service. Very pleased with my purchase.",happy
"I had a negative experience with this purchase. The product was faulty.",angry
"Absolutely thrilled with the product. Great quality!",happy
"The item does not work as advertised. Very disappointed.",disappointed
"Excellent product and service. I am very happy with this purchase.",happy
"The product was damaged and the customer service was unresponsive.",angry
"Great purchase! Very happy with the product and service.",happy
"I am dissatisfied with the item. It does not match the description.",disappointed
"Fantastic quality and service. I am very pleased with my purchase.",happy
"The product arrived late and was not in good condition.",unhappy
"Very satisfied with this purchase. The product exceeded my expectations.",happy
"I had a negative experience. The product was faulty and customer service was unresponsive.",angry
"Fantastic quality and service. I am very happy with my purchase.",happy
"The product was defective and the return process was difficult.",angry
"Great value for money. Very pleased with this purchase.",happy
"The item was not as described and the customer service was poor.",angry
"Wonderful quality and service. Highly recommend this product.",happy
"I am disappointed with this purchase. The product arrived damaged.",disappointed
"Fantastic service and high-quality product. Highly recommend!",happy
"The product was defective and the return process was complicated.",angry
"Great purchase! Very happy with the product and service.",happy
"I am dissatisfied with the product. It does not work as advertised.",disappointed
"Excellent quality and service. I am very pleased with my purchase.",happy
"The item was not delivered on time and was in poor condition.",unhappy
"Very satisfied with this purchase. The product exceeded my expectations.",happy
"I had a negative experience. The product was faulty and customer service was unresponsive.",angry
"Fantastic quality and service. I am very happy with my purchase.",happy
"The product was defective and I am very frustrated.",angry
"Great purchase! Very satisfied with the quality and service.",happy
"I am unhappy with the product. It arrived late and was not in good condition.",unhappy
"Wonderful experience. The product is excellent and the service was top-notch.",happy
"The item was defective and the return process was very difficult.",angry
"Fantastic quality and fast delivery. Highly recommended.",happy
"I am dissatisfied with the product and would like a refund.",angry
"Great product and excellent service. Very pleased with my purchase.",happy
"I had a negative experience with this purchase. The product was faulty.",angry
"Absolutely thrilled with the product. Great quality!",happy
"The item does not work as advertised. Very disappointed.",disappointed
"Excellent product and service. I am very happy with this purchase.",happy
"The product was damaged and the customer service was unresponsive.",angry
"Great purchase! Very happy with the product and service.",happy
"I am dissatisfied with the item. It does not match the description.",disappointed
"Fantastic quality and service. I am very pleased with my purchase.",happy
"The product arrived late and was not in good condition.",unhappy
"Very satisfied with this purchase. The product exceeded my expectations.",happy
"I had a negative experience. The product was faulty and customer service was unresponsive.",angry
"Fantastic quality and service. I am very happy with my purchase.",happy
"The product was defective and the return process was difficult.",angry
"Great value for money. Very pleased with this purchase.",happy
"The item was not as described and the customer service was poor.",angry
"Wonderful quality and service. Highly recommend this product.",happy
"I am disappointed with this purchase. The product arrived damaged.",disappointed
"Fantastic service and high-quality product. Highly recommend!",happy
"The product was defective and the return process was complicated.",angry
"Great purchase! Very happy with the product and service.",happy
"I am dissatisfied with the product. It does not work as advertised.",disappointed
"Excellent quality and service. I am very pleased with my purchase.",happy
"The item was not delivered on time and was in poor condition.",unhappy
"Very satisfied with this purchase. The product exceeded my expectations.",happy
"I had a negative experience. The product was faulty and customer service was unresponsive.",angry
"Fantastic quality and service. I am very happy with my purchase.",happy
"The product was defective and I am very frustrated.",angry
"Great purchase! Very satisfied with the quality and service.",happy
"I am unhappy with the product. It arrived late and was not in good condition.",unhappy
